-- MySQL dump 10.13  Distrib 8.0.27, for Linux (x86_64)
--
-- Host: localhost    Database: clinique
-- ------------------------------------------------------
-- Server version	8.0.27-0ubuntu0.20.04.1

/*!40101 SET @OLD_CHARACTER_SET_CLIENT=@@CHARACTER_SET_CLIENT */;
/*!40101 SET @OLD_CHARACTER_SET_RESULTS=@@CHARACTER_SET_RESULTS */;
/*!40101 SET @OLD_COLLATION_CONNECTION=@@COLLATION_CONNECTION */;
/*!50503 SET NAMES utf8mb4 */;
/*!40103 SET @OLD_TIME_ZONE=@@TIME_ZONE */;
/*!40103 SET TIME_ZONE='+00:00' */;
/*!40014 SET @OLD_UNIQUE_CHECKS=@@UNIQUE_CHECKS, UNIQUE_CHECKS=0 */;
/*!40014 SET @OLD_FOREIGN_KEY_CHECKS=@@FOREIGN_KEY_CHECKS, FOREIGN_KEY_CHECKS=0 */;
/*!40101 SET @OLD_SQL_MODE=@@SQL_MODE, SQL_MODE='NO_AUTO_VALUE_ON_ZERO' */;
/*!40111 SET @OLD_SQL_NOTES=@@SQL_NOTES, SQL_NOTES=0 */;

--
-- Table structure for table `consultation`
--

DROP TABLE IF EXISTS `consultation`;
/*!40101 SET @saved_cs_client     = @@character_set_client */;
/*!50503 SET character_set_client = utf8mb4 */;
CREATE TABLE `consultation` (
  `id` int unsigned NOT NULL AUTO_INCREMENT,
  `date` timestamp(6) NOT NULL,
  `medecin_id` int unsigned NOT NULL,
  `patient_id` int unsigned NOT NULL,
  PRIMARY KEY (`id`),
  KEY `id` (`id`,`medecin_id`,`patient_id`),
  KEY `tbl_medecin` (`medecin_id`),
  KEY `tbl_patients` (`patient_id`),
  CONSTRAINT `tbl_medecin` FOREIGN KEY (`medecin_id`) REFERENCES `medecin` (`id`),
  CONSTRAINT `tbl_patient` FOREIGN KEY (`patient_id`) REFERENCES `patients` (`id`)
) ENGINE=InnoDB AUTO_INCREMENT=501 DEFAULT CHARSET=utf8mb4 COLLATE=utf8mb4_0900_ai_ci;
/*!40101 SET character_set_client = @saved_cs_client */;

--
-- Dumping data for table `consultation`
--

LOCK TABLES `consultation` WRITE;
/*!40000 ALTER TABLE `consultation` DISABLE KEYS */;
INSERT INTO `consultation` VALUES (1,'2021-12-07 23:00:00.000000',1,1),(2,'2021-12-08 09:30:00.000000',1,2),(3,'2021-04-20 23:00:00.000000',1,75),(4,'2021-08-12 23:00:00.000000',4,2),(5,'2021-01-25 23:00:00.000000',14,12),(6,'2021-08-16 23:00:00.000000',19,62),(7,'2021-10-29 23:00:00.000000',2,34),(8,'2021-09-28 23:00:00.000000',1,48),(9,'2021-11-08 23:00:00.000000',1,16),(10,'2021-04-17 23:00:00.000000',16,63),(11,'2021-05-23 23:00:00.000000',18,2),(12,'2021-08-11 23:00:00.000000',20,21),(13,'2021-02-01 23:00:00.000000',4,77),(14,'2021-08-10 23:00:00.000000',1,80),(15,'2021-06-30 23:00:00.000000',8,48),(16,'2021-10-04 23:00:00.000000',12,19),(17,'2021-09-17 23:00:00.000000',7,5),(18,'2021-08-11 23:00:00.000000',3,58),(19,'2021-07-20 23:00:00.000000',10,57),(20,'2021-05-09 23:00:00.000000',5,31),(21,'2021-11-17 23:00:00.000000',19,22),(22,'2021-12-06 23:00:00.000000',12,54),(23,'2021-10-23 23:00:00.000000',8,82),(24,'2021-09-19 23:00:00.000000',13,1),(25,'2021-11-01 23:00:00.000000',11,26),(26,'2021-01-24 23:00:00.000000',10,82),(27,'2021-09-16 23:00:00.000000',9,5),(28,'2021-08-17 23:00:00.000000',11,67),(29,'2021-06-05 23:00:00.000000',1,86),(30,'2021-03-23 23:00:00.000000',2,92),(31,'2021-09-05 23:00:00.000000',2,34),(32,'2021-05-01 23:00:00.000000',2,9),(33,'2021-04-20 23:00:00.000000',10,85),(34,'2021-02-19 23:00:00.000000',1,79),(35,'2021-11-16 23:00:00.000000',13,87),(36,'2021-08-25 23:00:00.000000',19,16),(37,'2021-10-12 23:00:00.000000',13,2),(38,'2021-06-07 23:00:00.000000',10,17),(39,'2021-06-20 23:00:00.000000',1,93),(40,'2021-09-03 23:00:00.000000',10,99),(41,'2020-12-16 23:00:00.000000',14,52),(42,'2021-08-31 23:00:00.000000',7,14),(43,'2021-02-25 23:00:00.000000',13,34),(44,'2021-02-15 23:00:00.000000',19,60),(45,'2021-11-09 23:00:00.000000',12,51),(46,'2021-04-13 23:00:00.000000',2,66),(47,'2020-12-15 23:00:00.000000',6,18),(48,'2021-12-02 23:00:00.000000',17,11),(49,'2021-01-26 23:00:00.000000',3,26),(50,'2021-08-27 23:00:00.000000',13,53),(51,'2021-10-16 23:00:00.000000',3,67),(52,'2021-03-26 23:00:00.000000',18,49),(53,'2021-03-10 23:00:00.000000',7,42),(54,'2020-12-13 23:00:00.000000',10,54),(55,'2020-12-25 23:00:00.000000',18,46),(56,'2021-08-10 23:00:00.000000',10,79),(57,'2021-05-17 23:00:00.000000',14,79),(58,'2021-04-08 23:00:00.000000',10,72),(59,'2021-07-07 23:00:00.000000',4,30),(60,'2021-12-01 23:00:00.000000',16,47),(61,'2021-02-05 23:00:00.000000',13,51),(62,'2020-12-27 23:00:00.000000',17,88),(63,'2021-07-28 23:00:00.000000',11,94),(64,'2021-10-25 23:00:00.000000',15,53),(65,'2021-08-12 23:00:00.000000',18,88),(66,'2021-09-06 23:00:00.000000',7,41),(67,'2021-09-04 23:00:00.000000',9,12),(68,'2021-07-31 23:00:00.000000',20,61),(69,'2021-05-28 23:00:00.000000',19,21),(70,'2020-12-13 23:00:00.000000',17,24),(71,'2021-04-09 23:00:00.000000',15,18),(72,'2021-03-16 23:00:00.000000',9,1),(73,'2021-05-23 23:00:00.000000',4,43),(74,'2021-01-14 23:00:00.000000',12,82),(75,'2021-07-25 23:00:00.000000',4,47),(76,'2021-07-15 23:00:00.000000',10,68),(77,'2021-03-18 23:00:00.000000',15,77),(78,'2021-06-18 23:00:00.000000',11,12),(79,'2021-03-17 23:00:00.000000',20,8),(80,'2021-01-19 23:00:00.000000',6,65),(81,'2021-05-09 23:00:00.000000',14,39),(82,'2021-03-15 23:00:00.000000',4,78),(83,'2021-10-05 23:00:00.000000',16,43),(84,'2021-10-03 23:00:00.000000',8,28),(85,'2021-07-16 23:00:00.000000',4,3),(86,'2021-05-11 23:00:00.000000',12,77),(87,'2021-11-05 23:00:00.000000',3,18),(88,'2021-08-24 23:00:00.000000',19,95),(89,'2021-06-02 23:00:00.000000',20,56),(90,'2021-10-17 23:00:00.000000',6,63),(91,'2021-08-09 23:00:00.000000',20,60),(92,'2021-09-05 23:00:00.000000',1,51),(93,'2021-04-28 23:00:00.000000',3,77),(94,'2021-09-16 23:00:00.000000',5,88),(95,'2021-06-24 23:00:00.000000',9,5),(96,'2021-11-20 23:00:00.000000',12,46),(97,'2021-08-01 23:00:00.000000',10,1),(98,'2021-01-29 23:00:00.000000',19,6),(99,'2021-01-18 23:00:00.000000',8,39),(100,'2021-08-14 23:00:00.000000',1,14),(101,'2021-04-05 23:00:00.000000',15,92),(102,'2020-12-09 23:00:00.000000',3,15),(103,'2021-01-08 23:00:00.000000',20,35),(104,'2021-05-20 23:00:00.000000',11,34),(105,'2021-04-06 23:00:00.000000',16,61),(106,'2021-10-18 23:00:00.000000',10,22),(107,'2021-10-03 23:00:00.000000',14,69),(108,'2021-09-25 23:00:00.000000',9,68),(109,'2021-01-17 23:00:00.000000',3,25),(110,'2021-08-02 23:00:00.000000',14,65),(111,'2021-01-16 23:00:00.000000',12,36),(112,'2021-08-19 23:00:00.000000',17,46),(113,'2021-07-17 23:00:00.000000',10,49),(114,'2020-12-31 23:00:00.000000',12,73),(115,'2021-01-18 23:00:00.000000',20,61),(116,'2021-12-04 23:00:00.000000',6,53),(117,'2021-08-23 23:00:00.000000',1,37),(118,'2021-11-22 23:00:00.000000',4,46),(119,'2021-01-12 23:00:00.000000',9,80),(120,'2021-06-30 23:00:00.000000',6,17),(121,'2021-05-20 23:00:00.000000',19,5),(122,'2021-04-22 23:00:00.000000',3,98),(123,'2021-12-04 23:00:00.000000',9,7),(124,'2021-02-08 23:00:00.000000',7,28),(125,'2021-02-25 23:00:00.000000',3,49),(126,'2021-08-27 23:00:00.000000',17,10),(127,'2021-03-09 23:00:00.000000',20,84),(128,'2020-12-18 23:00:00.000000',18,17),(129,'2021-01-31 23:00:00.000000',15,5),(130,'2021-04-11 23:00:00.000000',3,99),(131,'2021-05-06 23:00:00.000000',5,10),(132,'2021-04-21 23:00:00.000000',13,38),(133,'2021-03-02 23:00:00.000000',20,94),(134,'2021-04-09 23:00:00.000000',18,19),(135,'2021-07-30 23:00:00.000000',11,28),(136,'2021-03-20 23:00:00.000000',15,19),(137,'2021-11-19 23:00:00.000000',6,39),(138,'2021-08-21 23:00:00.000000',2,32),(139,'2021-05-07 23:00:00.000000',8,20),(140,'2021-11-03 23:00:00.000000',4,8),(141,'2021-11-01 23:00:00.000000',19,30),(142,'2021-01-27 23:00:00.000000',6,80),(143,'2020-12-09 23:00:00.000000',19,6),(144,'2020-12-20 23:00:00.000000',7,73),(145,'2021-11-21 23:00:00.000000',18,53),(146,'2021-07-09 23:00:00.000000',8,6),(147,'2021-05-26 23:00:00.000000',2,6),(148,'2021-10-06 23:00:00.000000',6,24),(149,'2021-03-30 23:00:00.000000',17,33),(150,'2021-06-17 23:00:00.000000',3,82),(151,'2021-02-10 23:00:00.000000',9,77),(152,'2021-01-07 23:00:00.000000',9,3),(153,'2021-05-30 23:00:00.000000',17,36),(154,'2021-06-21 23:00:00.000000',11,6),(155,'2021-01-06 23:00:00.000000',16,63),(156,'2021-08-17 23:00:00.000000',7,42),(157,'2021-01-18 23:00:00.000000',12,82),(158,'2021-01-16 23:00:00.000000',4,39),(159,'2021-09-24 23:00:00.000000',13,4),(160,'2021-02-05 23:00:00.000000',1,59),(161,'2021-09-10 23:00:00.000000',9,38),(162,'2021-11-23 23:00:00.000000',19,6),(163,'2021-10-13 23:00:00.000000',8,43),(164,'2021-06-22 23:00:00.000000',14,5),(165,'2021-07-25 23:00:00.000000',2,21),(166,'2021-06-18 23:00:00.000000',8,61),(167,'2021-11-18 23:00:00.000000',6,34),(168,'2021-10-29 23:00:00.000000',10,89),(169,'2021-04-06 23:00:00.000000',13,43),(170,'2021-03-15 23:00:00.000000',16,24),(171,'2021-07-08 23:00:00.000000',16,96),(172,'2021-07-16 23:00:00.000000',19,87),(173,'2021-08-01 23:00:00.000000',10,92),(174,'2021-07-18 23:00:00.000000',1,53),(175,'2021-01-02 23:00:00.000000',7,4),(176,'2021-03-23 23:00:00.000000',10,67),(177,'2021-10-06 23:00:00.000000',13,41),(178,'2021-04-22 23:00:00.000000',11,89),(179,'2021-11-20 23:00:00.000000',2,22),(180,'2021-01-08 23:00:00.000000',16,44),(181,'2021-04-13 23:00:00.000000',1,25),(182,'2021-01-23 23:00:00.000000',11,92),(183,'2021-01-25 23:00:00.000000',20,9),(184,'2021-09-22 23:00:00.000000',8,96),(185,'2021-08-21 23:00:00.000000',18,3),(186,'2021-09-08 23:00:00.000000',2,85),(187,'2021-08-07 23:00:00.000000',11,45),(188,'2021-09-10 23:00:00.000000',1,41),(189,'2021-03-24 23:00:00.000000',12,35),(190,'2021-11-18 23:00:00.000000',6,41),(191,'2021-06-08 23:00:00.000000',1,64),(192,'2021-09-26 23:00:00.000000',18,24),(193,'2021-08-26 23:00:00.000000',19,80),(194,'2021-06-28 23:00:00.000000',1,21),(195,'2021-02-13 23:00:00.000000',2,12),(196,'2021-09-01 23:00:00.000000',8,55),(197,'2021-10-27 23:00:00.000000',3,32),(198,'2021-03-16 23:00:00.000000',20,90),(199,'2021-05-23 23:00:00.000000',4,56),(200,'2021-06-08 23:00:00.000000',19,69),(201,'2021-03-29 23:00:00.000000',7,30),(202,'2021-05-31 23:00:00.000000',4,55),(203,'2021-04-04 23:00:00.000000',12,43),(204,'2021-07-18 23:00:00.000000',2,4),(205,'2020-12-28 23:00:00.000000',8,84),(206,'2021-10-30 23:00:00.000000',6,56),(207,'2021-03-06 23:00:00.000000',1,94),(208,'2021-09-06 23:00:00.000000',11,48),(209,'2021-10-27 23:00:00.000000',13,73),(210,'2021-11-15 23:00:00.000000',16,14),(211,'2021-06-29 23:00:00.000000',19,47),(212,'2021-07-13 23:00:00.000000',16,22),(213,'2021-05-02 23:00:00.000000',8,67),(214,'2021-09-28 23:00:00.000000',2,52),(215,'2021-08-17 23:00:00.000000',5,54),(216,'2021-10-29 23:00:00.000000',4,12),(217,'2021-06-04 23:00:00.000000',3,93),(218,'2021-01-27 23:00:00.000000',15,23),(219,'2021-03-02 23:00:00.000000',1,94),(220,'2021-11-23 23:00:00.000000',4,78),(221,'2020-12-30 23:00:00.000000',5,82),(222,'2021-04-21 23:00:00.000000',14,92),(223,'2021-08-17 23:00:00.000000',6,65),(224,'2021-05-27 23:00:00.000000',20,42),(225,'2021-01-15 23:00:00.000000',9,49),(226,'2021-07-24 23:00:00.000000',13,17),(227,'2020-12-30 23:00:00.000000',14,72),(228,'2021-11-25 23:00:00.000000',16,17),(229,'2021-07-03 23:00:00.000000',15,16),(230,'2020-12-28 23:00:00.000000',3,79),(231,'2021-05-01 23:00:00.000000',11,84),(232,'2021-06-07 23:00:00.000000',8,73),(233,'2021-10-14 23:00:00.000000',16,89),(234,'2021-08-17 23:00:00.000000',10,79),(235,'2021-05-19 23:00:00.000000',3,69),(236,'2021-01-31 23:00:00.000000',16,64),(237,'2021-10-26 23:00:00.000000',3,25),(238,'2021-06-20 23:00:00.000000',10,10),(239,'2021-10-05 23:00:00.000000',17,51),(240,'2021-12-03 23:00:00.000000',20,51),(241,'2021-10-19 23:00:00.000000',11,67),(242,'2020-12-10 23:00:00.000000',4,25),(243,'2021-08-21 23:00:00.000000',9,56),(244,'2021-12-02 23:00:00.000000',3,4),(245,'2021-09-15 23:00:00.000000',12,57),(246,'2021-04-18 23:00:00.000000',19,65),(247,'2021-11-01 23:00:00.000000',6,75),(248,'2021-04-11 23:00:00.000000',15,51),(249,'2021-01-01 23:00:00.000000',20,26),(250,'2021-06-17 23:00:00.000000',12,93),(251,'2021-04-12 23:00:00.000000',15,55),(252,'2021-08-27 23:00:00.000000',6,87),(253,'2021-04-04 23:00:00.000000',6,38),(254,'2021-11-03 23:00:00.000000',12,48),(255,'2020-12-23 23:00:00.000000',3,21),(256,'2021-05-31 23:00:00.000000',19,80),(257,'2021-11-23 23:00:00.000000',10,10),(258,'2021-09-20 23:00:00.000000',3,97),(259,'2021-12-08 23:00:00.000000',11,67),(260,'2021-05-17 23:00:00.000000',4,73),(261,'2021-01-08 23:00:00.000000',10,28),(262,'2021-03-14 23:00:00.000000',17,61),(263,'2021-03-29 23:00:00.000000',10,69),(264,'2021-09-23 23:00:00.000000',20,16),(265,'2021-08-23 23:00:00.000000',18,83),(266,'2021-02-24 23:00:00.000000',9,43),(267,'2020-12-11 23:00:00.000000',6,50),(268,'2021-01-04 23:00:00.000000',5,41),(269,'2021-09-19 23:00:00.000000',5,58),(270,'2021-08-08 23:00:00.000000',2,50),(271,'2021-08-08 23:00:00.000000',14,30),(272,'2021-09-24 23:00:00.000000',1,90),(273,'2021-02-26 23:00:00.000000',2,71),(274,'2021-12-03 23:00:00.000000',17,3),(275,'2021-11-04 23:00:00.000000',13,29),(276,'2021-05-01 23:00:00.000000',2,62),(277,'2021-07-09 23:00:00.000000',9,13),(278,'2021-05-09 23:00:00.000000',17,35),(279,'2021-09-14 23:00:00.000000',7,84),(280,'2021-04-24 23:00:00.000000',13,52),(281,'2021-11-14 23:00:00.000000',8,32),(282,'2021-09-27 23:00:00.000000',1,90),(283,'2021-06-15 23:00:00.000000',17,27),(284,'2020-12-31 23:00:00.000000',6,61),(285,'2021-06-01 23:00:00.000000',20,58),(286,'2021-09-26 23:00:00.000000',7,28),(287,'2021-10-19 23:00:00.000000',1,57),(288,'2021-05-21 23:00:00.000000',4,7),(289,'2021-02-03 23:00:00.000000',9,3),(290,'2021-12-05 23:00:00.000000',17,42),(291,'2021-02-21 23:00:00.000000',13,12),(292,'2021-07-20 23:00:00.000000',3,69),(293,'2021-09-24 23:00:00.000000',8,11),(294,'2021-05-28 23:00:00.000000',15,50),(295,'2021-08-13 23:00:00.000000',16,24),(296,'2021-02-27 23:00:00.000000',6,75),(297,'2020-12-16 23:00:00.000000',11,16),(298,'2021-07-28 23:00:00.000000',14,70),(299,'2021-01-03 23:00:00.000000',9,26),(300,'2020-12-10 23:00:00.000000',14,19),(301,'2021-02-17 23:00:00.000000',12,84),(302,'2021-10-15 23:00:00.000000',20,14),(303,'2021-05-04 23:00:00.000000',2,25),(304,'2021-05-22 23:00:00.000000',15,46),(305,'2021-02-02 23:00:00.000000',7,51),(306,'2021-06-08 23:00:00.000000',1,89),(307,'2021-01-22 23:00:00.000000',12,33),(308,'2021-08-23 23:00:00.000000',8,61),(309,'2021-07-31 23:00:00.000000',14,53),(310,'2021-01-19 23:00:00.000000',7,40),(311,'2021-08-07 23:00:00.000000',5,10),(312,'2021-06-29 23:00:00.000000',13,53),(313,'2021-06-04 23:00:00.000000',2,13),(314,'2021-12-07 23:00:00.000000',10,79),(315,'2021-07-31 23:00:00.000000',10,30),(316,'2021-04-27 23:00:00.000000',5,60),(317,'2021-10-14 23:00:00.000000',18,1),(318,'2021-07-11 23:00:00.000000',7,9),(319,'2020-12-14 23:00:00.000000',17,20),(320,'2021-05-30 23:00:00.000000',6,63),(321,'2021-09-03 23:00:00.000000',1,34),(322,'2021-02-07 23:00:00.000000',3,5),(323,'2021-05-08 23:00:00.000000',5,93),(324,'2021-06-22 23:00:00.000000',1,59),(325,'2021-10-22 23:00:00.000000',3,50),(326,'2021-06-06 23:00:00.000000',13,97),(327,'2021-07-05 23:00:00.000000',13,75),(328,'2021-03-25 23:00:00.000000',13,11),(329,'2021-06-19 23:00:00.000000',7,84),(330,'2021-01-04 23:00:00.000000',15,78),(331,'2021-06-27 23:00:00.000000',10,9),(332,'2021-11-08 23:00:00.000000',7,58),(333,'2021-03-09 23:00:00.000000',16,33),(334,'2021-12-06 23:00:00.000000',3,100),(335,'2021-11-22 23:00:00.000000',1,55),(336,'2021-08-12 23:00:00.000000',18,4),(337,'2021-03-09 23:00:00.000000',10,89),(338,'2021-09-15 23:00:00.000000',11,15),(339,'2021-09-24 23:00:00.000000',19,87),(340,'2021-12-03 23:00:00.000000',14,48),(341,'2021-07-29 23:00:00.000000',19,24),(342,'2021-11-02 23:00:00.000000',7,41),(343,'2021-08-10 23:00:00.000000',7,76),(344,'2021-10-06 23:00:00.000000',16,25),(345,'2021-07-12 23:00:00.000000',14,65),(346,'2021-09-27 23:00:00.000000',14,6),(347,'2021-11-19 23:00:00.000000',3,6),(348,'2021-07-15 23:00:00.000000',5,63),(349,'2021-03-03 23:00:00.000000',13,41),(350,'2021-03-30 23:00:00.000000',4,37),(351,'2021-06-01 23:00:00.000000',16,82),(352,'2021-05-21 23:00:00.000000',3,11),(353,'2021-06-15 23:00:00.000000',19,96),(354,'2021-06-25 23:00:00.000000',10,81),(355,'2021-03-29 23:00:00.000000',15,20),(356,'2021-03-12 23:00:00.000000',19,77),(357,'2021-04-15 23:00:00.000000',16,1),(358,'2021-09-29 23:00:00.000000',7,42),(359,'2021-08-31 23:00:00.000000',1,1),(360,'2021-09-17 23:00:00.000000',14,75),(361,'2021-10-26 23:00:00.000000',19,79),(362,'2020-12-11 23:00:00.000000',3,95),(363,'2021-05-14 23:00:00.000000',9,77),(364,'2021-10-06 23:00:00.000000',17,85),(365,'2021-07-12 23:00:00.000000',5,58),(366,'2021-05-02 23:00:00.000000',6,91),(367,'2021-11-03 23:00:00.000000',12,67),(368,'2021-08-08 23:00:00.000000',5,4),(369,'2021-10-02 23:00:00.000000',12,37),(370,'2021-10-13 23:00:00.000000',20,10),(371,'2021-05-10 23:00:00.000000',13,57),(372,'2021-10-30 23:00:00.000000',17,71),(373,'2021-09-07 23:00:00.000000',4,41),(374,'2021-02-18 23:00:00.000000',11,42),(375,'2021-01-18 23:00:00.000000',7,85),(376,'2021-11-20 23:00:00.000000',15,78),(377,'2021-10-05 23:00:00.000000',3,25),(378,'2021-01-26 23:00:00.000000',7,74),(379,'2021-01-15 23:00:00.000000',14,97),(380,'2021-09-19 23:00:00.000000',14,64),(381,'2021-07-30 23:00:00.000000',13,12),(382,'2021-04-08 23:00:00.000000',15,16),(383,'2021-01-23 23:00:00.000000',13,95),(384,'2021-10-21 23:00:00.000000',17,9),(385,'2021-04-28 23:00:00.000000',2,61),(386,'2021-03-18 23:00:00.000000',15,36),(387,'2021-03-14 23:00:00.000000',3,90),(388,'2021-03-26 23:00:00.000000',8,42),(389,'2021-01-31 23:00:00.000000',1,58),(390,'2021-03-07 23:00:00.000000',9,88),(391,'2021-04-26 23:00:00.000000',7,31),(392,'2021-06-11 23:00:00.000000',12,91),(393,'2020-12-18 23:00:00.000000',2,93),(394,'2021-03-29 23:00:00.000000',6,60),(395,'2021-08-01 23:00:00.000000',19,58),(396,'2021-02-16 23:00:00.000000',1,87),(397,'2021-10-22 23:00:00.000000',15,33),(398,'2021-02-26 23:00:00.000000',20,73),(399,'2021-03-14 23:00:00.000000',12,75),(400,'2021-02-05 23:00:00.000000',13,2),(401,'2021-11-11 23:00:00.000000',18,4),(402,'2021-07-04 23:00:00.000000',10,6),(403,'2021-02-20 23:00:00.000000',17,14),(404,'2021-03-12 23:00:00.000000',19,38),(405,'2021-09-06 23:00:00.000000',11,39),(406,'2020-12-21 23:00:00.000000',16,36),(407,'2021-04-13 23:00:00.000000',1,70),(408,'2021-08-03 23:00:00.000000',18,4),(409,'2021-05-02 23:00:00.000000',8,23),(410,'2021-02-13 23:00:00.000000',20,33),(411,'2021-02-13 23:00:00.000000',4,62),(412,'2021-10-29 23:00:00.000000',7,25),(413,'2021-10-31 23:00:00.000000',12,73),(414,'2021-01-11 23:00:00.000000',11,77),(415,'2021-07-18 23:00:00.000000',19,18),(416,'2021-01-02 23:00:00.000000',13,27),(417,'2020-12-15 23:00:00.000000',11,24),(418,'2021-08-13 23:00:00.000000',10,81),(419,'2021-10-12 23:00:00.000000',15,86),(420,'2021-10-06 23:00:00.000000',17,59),(421,'2021-01-13 23:00:00.000000',4,27),(422,'2021-11-19 23:00:00.000000',2,30),(423,'2020-12-16 23:00:00.000000',18,65),(424,'2021-06-06 23:00:00.000000',3,95),(425,'2021-08-19 23:00:00.000000',20,9),(426,'2021-01-16 23:00:00.000000',11,57),(427,'2021-09-24 23:00:00.000000',18,11),(428,'2021-10-06 23:00:00.000000',10,87),(429,'2021-06-19 23:00:00.000000',2,77),(430,'2021-06-02 23:00:00.000000',10,57),(431,'2021-11-24 23:00:00.000000',16,2),(432,'2021-12-07 23:00:00.000000',4,95),(433,'2021-06-11 23:00:00.000000',12,85),(434,'2021-09-16 23:00:00.000000',20,85),(435,'2021-06-29 23:00:00.000000',9,49),(436,'2021-07-03 23:00:00.000000',11,1),(437,'2021-07-27 23:00:00.000000',9,87),(438,'2021-03-22 23:00:00.000000',15,49),(439,'2021-09-16 23:00:00.000000',17,76),(440,'2021-10-14 23:00:00.000000',19,11),(441,'2020-12-27 23:00:00.000000',3,55),(442,'2021-06-06 23:00:00.000000',13,72),(443,'2021-01-26 23:00:00.000000',20,25),(444,'2021-06-29 23:00:00.000000',19,97),(445,'2021-06-28 23:00:00.000000',7,57),(446,'2021-08-19 23:00:00.000000',17,19),(447,'2021-04-23 23:00:00.000000',19,16),(448,'2021-06-22 23:00:00.000000',6,5),(449,'2021-04-14 23:00:00.000000',3,72),(450,'2021-03-06 23:00:00.000000',1,37),(451,'2021-03-25 23:00:00.000000',8,100),(452,'2021-05-08 23:00:00.000000',11,83),(453,'2021-10-22 23:00:00.000000',10,94),(454,'2021-05-16 23:00:00.000000',18,89),(455,'2021-02-08 23:00:00.000000',7,24),(456,'2021-09-01 23:00:00.000000',13,60),(457,'2021-11-11 23:00:00.000000',2,18),(458,'2021-02-11 23:00:00.000000',16,13),(459,'2021-10-31 23:00:00.000000',14,31),(460,'2021-05-16 23:00:00.000000',15,67),(461,'2021-09-24 23:00:00.000000',10,6),(462,'2021-03-07 23:00:00.000000',6,10),(463,'2021-03-27 23:00:00.000000',15,75),(464,'2021-08-30 23:00:00.000000',6,48),(465,'2021-04-29 23:00:00.000000',7,87),(466,'2021-11-25 23:00:00.000000',14,59),(467,'2021-07-01 23:00:00.000000',14,6),(468,'2020-12-18 23:00:00.000000',19,46),(469,'2021-08-05 23:00:00.000000',19,43),(470,'2021-08-08 23:00:00.000000',16,15),(471,'2020-12-29 23:00:00.000000',8,28),(472,'2021-04-10 23:00:00.000000',11,17),(473,'2021-04-08 23:00:00.000000',14,4),(474,'2021-03-25 23:00:00.000000',17,11),(475,'2021-03-13 23:00:00.000000',7,3),(476,'2021-11-06 23:00:00.000000',18,6),(477,'2021-08-04 23:00:00.000000',14,68),(478,'2021-07-28 23:00:00.000000',1,55),(479,'2021-07-21 23:00:00.000000',1,4),(480,'2021-04-29 23:00:00.000000',7,57),(481,'2021-08-18 23:00:00.000000',16,21),(482,'2021-01-30 23:00:00.000000',13,6),(483,'2021-10-02 23:00:00.000000',6,33),(484,'2021-08-25 23:00:00.000000',6,71),(485,'2021-04-14 23:00:00.000000',11,95),(486,'2021-01-28 23:00:00.000000',4,59),(487,'2021-09-10 23:00:00.000000',7,43),(488,'2021-09-02 23:00:00.000000',10,16),(489,'2021-06-07 23:00:00.000000',18,50),(490,'2021-09-04 23:00:00.000000',3,52),(491,'2021-08-22 23:00:00.000000',17,60),(492,'2021-03-15 23:00:00.000000',20,93),(493,'2021-02-05 23:00:00.000000',14,74),(494,'2021-05-05 23:00:00.000000',15,97),(495,'2021-08-19 23:00:00.000000',12,16),(496,'2021-08-15 23:00:00.000000',20,19),(497,'2021-04-20 23:00:00.000000',5,81),(498,'2021-03-26 23:00:00.000000',6,74),(499,'2021-01-10 23:00:00.000000',3,56),(500,'2020-12-24 23:00:00.000000',5,89);
/*!40000 ALTER TABLE `consultation` ENABLE KEYS */;
UNLOCK TABLES;

--
-- Table structure for table `medecin`
--

DROP TABLE IF EXISTS `medecin`;
/*!40101 SET @saved_cs_client     = @@character_set_client */;
/*!50503 SET character_set_client = utf8mb4 */;
CREATE TABLE `medecin` (
  `id` int unsigned NOT NULL AUTO_INCREMENT,
  `name` varchar(200) NOT NULL,
  PRIMARY KEY (`id`)
) ENGINE=InnoDB AUTO_INCREMENT=21 DEFAULT CHARSET=utf8mb4 COLLATE=utf8mb4_0900_ai_ci;
/*!40101 SET character_set_client = @saved_cs_client */;

--
-- Dumping data for table `medecin`
--

LOCK TABLES `medecin` WRITE;
/*!40000 ALTER TABLE `medecin` DISABLE KEYS */;
INSERT INTO `medecin` VALUES (1,'modestine'),(2,'KOROM'),(3,'YVES'),(4,'Paulette Armytage'),(5,'Beniamino Le Fleming'),(6,'Hyacinthie Beaushaw'),(7,'Erskine Laffranconi'),(8,'Robinet Woolager'),(9,'Brandi Cucinotta'),(10,'Gordan Heeks'),(11,'Marcille Selborne'),(12,'Leonora Pandie'),(13,'Dedie Wadley'),(14,'Conn Sea'),(15,'Rodge Radsdale'),(16,'Reggie Lawdham'),(17,'Ermina Estcot'),(18,'Brady Barbery'),(19,'Astra Dhenin'),(20,'Atalanta Rickaby');
/*!40000 ALTER TABLE `medecin` ENABLE KEYS */;
UNLOCK TABLES;

--
-- Table structure for table `medicaments`
--

DROP TABLE IF EXISTS `medicaments`;
/*!40101 SET @saved_cs_client     = @@character_set_client */;
/*!50503 SET character_set_client = utf8mb4 */;
CREATE TABLE `medicaments` (
  `id` int unsigned NOT NULL AUTO_INCREMENT,
  `libelle` varchar(200) NOT NULL,
  PRIMARY KEY (`id`)
) ENGINE=InnoDB AUTO_INCREMENT=101 DEFAULT CHARSET=utf8mb4 COLLATE=utf8mb4_0900_ai_ci;
/*!40101 SET character_set_client = @saved_cs_client */;

--
-- Dumping data for table `medicaments`
--

LOCK TABLES `medicaments` WRITE;
/*!40000 ALTER TABLE `medicaments` DISABLE KEYS */;
INSERT INTO `medicaments` VALUES (1,'paracetamol'),(2,'bruffen'),(3,'quinine'),(4,'aspirine'),(5,'Oxymetazoline Hydrochloride'),(6,'PredniSONE'),(7,'pioglitazone'),(8,'Doxycycline Hyclate'),(9,'Glimepiride'),(10,'Estradiol'),(11,'Esomeprazole magnesium'),(12,'Diphenhydramine Hydrochloride'),(13,'sumatriptan succinate'),(14,'Menthol and Camphor (Synthetic)'),(15,'Eucalyptol'),(16,'ALUMINUM ZIRCONIUM PENTACHLOROHYDREX GLY'),(17,'Bethanechol Chloride'),(18,'Ropinirole Hydrochloride'),(19,'Nitrofurantoin'),(20,'Alcohol'),(21,'Losartan potassium and hydrochlorothiazide tablets'),(22,'Octreotide acetate'),(23,'Treatment Set TS340987'),(24,'ESZOPICLONE'),(25,'Pantoprazole Sodium'),(26,'Levetiracetam'),(27,'iron sucrose'),(28,'Alcohol'),(29,'MENTHOL, HISTAMINE DIHYDROCHLORIDE'),(30,'Alcohol'),(31,'Fexofenadine Hydrochloride'),(32,'SALICYLIC ACID'),(33,'Flumazenil'),(34,'Pork'),(35,'Avobenzone and Octocrylene'),(36,'Piperacillin and Tazobactam'),(37,'Fexofenadine HCl'),(38,'Gallium nitrate'),(40,'White Oak'),(41,'amitriptyline hydrochloride'),(42,'aspirin'),(43,'Venlafaxine Hydrochloride'),(44,'amlodipine besylate and benazepril hydrochloride'),(45,'Sucralfate'),(46,'Duloxetine Hydrochloride'),(47,'OCTINOXATE, OCTISALATE, TITANIUM DIOXIDE, AVOBENZONE, ENZACAMENE'),(48,'Goldenrod'),(49,'Dimethicone'),(50,'donepezil hydrochloride'),(51,'Hydrocodone Bitartrate And Acetaminophen'),(52,'oxymetazoline hydrochloride'),(53,'Barley Grain'),(54,'Ethyl Alcohol'),(55,'BENZALKONIUM CHLORIDE'),(56,'ZOLPIDEM TARTRATE'),(57,'AVOBENZONE, OCTISALATE, and OCTOCRYLENE'),(58,'Boricum gluconicum, Calcarea gluconica, Chromium gluconicum, Cobaltum gluconicum, Cuprum gluconicum, Ferrum gluconicum, Kali gluconicum,'),(59,'Calcium Carbonate'),(60,'Metoprolol Tartrate'),(61,'Guaifenesin and Dextromethorphan Hydrobromide'),(62,'triamcinolone acetonide'),(64,'Gabapentin'),(65,'AVOBENZONE HOMOSALATE OCTOCRYLENE OXYBENZONE'),(66,'epinephrine'),(67,'Ultramicrosize Griseofulvin Tablets'),(68,'BENZALKONIUM CHLORIDE, HEXYLRESORCINOL, ZINC CHLORIDE'),(69,'RISPERIDONE'),(70,'Aluminum Zirconium Tetrachlorohydrex GLY'),(71,'Equisetum cum sulfure tosta 6'),(72,'Octinoxate, Titanium Dioxide, and Zinc Oxide'),(73,'Kochia scoparia'),(74,'Antihemophilic Factor (Recombinant)'),(75,'ALCOHOL'),(76,'Acetaminophen, diphenhydramine HCl, phenylephrine HCl'),(77,'Menthol and Benzocaine'),(78,'ASPIRIN'),(79,'TITANIUM DIOXIDE'),(80,'Aspirin'),(81,'Baptisia tinctoria, Echinacea, Allium cepa'),(82,'Piperonyl Butoxide, Pyrethrum Extract'),(83,'benazepril hydrochloride and hydrochlorothiazide'),(84,'Hydrocortisone Acetate'),(85,'Amlobenz'),(86,'White Hickory'),(87,'Naproxen Sodium'),(88,'Alcohol'),(89,'OCTINOXATE, TITANIUM DIOXIDE'),(90,'Triamterene and Hydrochlorothiazide'),(91,'amoxicillin and clavulanate potassium'),(92,'dextromethorphan polistirex'),(93,'Metoprolol tartrate'),(94,'Povidone/Polyvinyl Alcohol'),(95,'GALANTAMINE HYDROBROMIDE'),(96,'TITANIUM DIOXIDE'),(97,'TRICLOSAN'),(98,'CHELIDONIUM MAJUS'),(99,'Lansoprazole'),(100,'lansoprazole');
/*!40000 ALTER TABLE `medicaments` ENABLE KEYS */;
UNLOCK TABLES;

--
-- Table structure for table `medicaments_consultation`
--

DROP TABLE IF EXISTS `medicaments_consultation`;
/*!40101 SET @saved_cs_client     = @@character_set_client */;
/*!50503 SET character_set_client = utf8mb4 */;
CREATE TABLE `medicaments_consultation` (
  `id` int NOT NULL AUTO_INCREMENT,
  `medicament_id` int unsigned NOT NULL,
  `consultation_id` int unsigned NOT NULL,
  PRIMARY KEY (`id`),
  KEY `id` (`id`,`medicament_id`,`consultation_id`),
  KEY `tbl_medicament` (`medicament_id`),
  KEY `tbl_consultation` (`consultation_id`),
  CONSTRAINT `tbl_consultation` FOREIGN KEY (`consultation_id`) REFERENCES `consultation` (`id`),
  CONSTRAINT `tbl_medicament` FOREIGN KEY (`medicament_id`) REFERENCES `medicaments` (`id`)
) ENGINE=InnoDB AUTO_INCREMENT=501 DEFAULT CHARSET=utf8mb4 COLLATE=utf8mb4_0900_ai_ci;
/*!40101 SET character_set_client = @saved_cs_client */;

--
-- Dumping data for table `medicaments_consultation`
--

LOCK TABLES `medicaments_consultation` WRITE;
/*!40000 ALTER TABLE `medicaments_consultation` DISABLE KEYS */;
INSERT INTO `medicaments_consultation` VALUES (1,29,499),(2,16,13),(3,55,349),(4,69,340),(5,35,251),(6,55,11),(7,18,227),(8,32,186),(9,21,118),(10,38,349),(11,75,460),(12,92,186),(13,50,451),(14,69,10),(15,9,256),(16,59,69),(17,83,165),(18,69,291),(19,2,25),(20,33,62),(21,17,183),(22,32,398),(23,47,67),(24,42,355),(25,27,239),(26,100,387),(27,25,107),(28,14,429),(29,88,66),(30,75,182),(31,44,272),(32,88,234),(33,67,419),(34,87,11),(35,95,467),(36,74,201),(37,38,495),(38,95,129),(39,36,473),(40,94,95),(41,67,350),(42,83,340),(44,37,234),(45,9,99),(46,32,67),(47,24,170),(48,47,146),(49,80,94),(50,76,321),(51,33,414),(52,99,484),(53,55,406),(54,38,107),(55,78,460),(56,90,463),(57,2,257),(58,69,171),(59,69,124),(60,87,441),(61,2,68),(62,19,102),(63,23,200),(64,56,177),(65,79,172),(66,34,63),(67,90,478),(68,75,246),(69,31,249),(70,4,236),(71,2,432),(72,44,24),(73,66,199),(74,27,479),(75,33,317),(76,76,262),(77,74,189),(78,5,139),(79,62,145),(80,83,16),(81,32,141),(82,100,178),(83,92,339),(84,71,285),(85,21,289),(86,96,343),(87,76,207),(88,35,342),(89,1,454),(90,58,167),(91,29,320),(92,72,277),(93,56,448),(94,81,382),(95,11,56),(96,73,432),(97,48,74),(98,97,297),(99,73,449),(100,66,377),(101,52,96),(102,99,391),(103,8,359),(104,31,388),(105,59,47),(106,35,90),(107,75,180),(108,99,450),(109,13,47),(110,56,81),(111,99,1),(112,32,368),(113,22,306),(114,94,103),(115,97,300),(116,48,352),(117,3,444),(118,8,16),(119,78,175),(120,22,422),(121,36,49),(122,14,342),(123,56,9),(124,67,353),(125,23,247),(126,65,357),(128,95,230),(129,50,192),(130,23,469),(131,55,470),(132,86,134),(133,68,125),(134,90,104),(135,72,25),(136,16,23),(137,27,357),(138,44,498),(139,7,193),(140,5,84),(141,57,150),(142,15,328),(143,99,306),(144,100,109),(145,60,97),(146,10,86),(147,51,315),(148,42,172),(149,87,248),(150,91,215),(151,35,475),(152,24,159),(153,75,230),(154,60,405),(155,28,121),(156,19,475),(157,95,289),(158,95,52),(159,48,445),(160,96,138),(161,95,22),(162,46,307),(163,48,97),(164,84,148),(165,37,219),(166,58,84),(167,78,83),(168,70,421),(169,3,98),(170,95,355),(171,78,50),(172,98,79),(173,43,23),(174,15,10),(175,47,480),(176,62,112),(177,33,217),(178,25,307),(179,4,278),(180,98,448),(181,91,251),(182,53,218),(183,8,315),(184,4,21),(185,38,119),(186,56,233),(187,64,95),(188,72,102),(189,5,95),(190,43,398),(191,7,253),(192,71,43),(193,78,192),(194,2,114),(195,84,478),(196,5,462),(197,77,370),(199,64,248),(200,31,435),(201,64,70),(202,68,390),(203,11,194),(204,69,52),(205,50,189),(206,74,440),(207,74,464),(208,10,66),(209,84,83),(210,26,337),(212,58,210),(213,94,474),(214,18,235),(215,65,144),(216,14,20),(217,98,37),(218,88,30),(219,97,334),(220,91,164),(221,4,293),(222,83,445),(223,62,268),(224,58,268),(225,60,258),(226,34,254),(227,81,61),(228,1,108),(229,77,9),(230,70,487),(231,29,478),(232,8,84),(233,71,238),(234,38,239),(235,57,2),(236,40,471),(237,40,115),(238,30,192),(239,34,391),(240,85,300),(241,88,486),(242,78,33),(243,49,261),(244,47,107),(245,82,226),(246,50,58),(247,44,347),(248,8,83),(249,65,354),(250,90,438),(251,11,417),(252,27,376),(253,15,493),(254,92,318),(255,30,306),(256,40,422),(258,94,313),(259,90,461),(260,83,255),(261,40,408),(262,5,494),(263,84,221),(264,57,140),(265,4,367),(266,41,370),(267,69,161),(268,62,202),(269,67,452),(270,43,174),(271,18,200),(272,83,346),(273,42,186),(274,57,278),(275,31,29),(276,83,89),(277,65,170),(278,88,185),(279,89,386),(280,83,216),(281,97,45),(282,32,483),(283,24,281),(284,66,31),(285,5,352),(286,26,310),(287,84,97),(288,2,377),(289,1,386),(290,59,64),(291,18,345),(292,99,48),(293,18,375),(294,7,191),(295,61,155),(296,84,60),(297,90,5),(298,27,138),(299,38,328),(300,24,385),(301,36,261),(302,86,339),(303,41,104),(304,12,219),(305,97,436),(306,79,356),(307,72,349),(308,91,105),(309,24,190),(310,75,163),(311,38,444),(312,7,87),(313,70,357),(314,31,174),(315,19,360),(316,36,490),(317,11,132),(318,37,308),(319,41,166),(320,27,106),(321,24,345),(322,88,253),(323,3,302),(324,52,378),(325,73,186),(326,2,423),(327,81,199),(328,68,284),(329,83,48),(330,76,209),(331,83,33),(332,70,237),(333,27,453),(334,17,363),(335,74,3),(336,7,213),(337,50,364),(338,54,316),(339,16,35),(340,74,204),(341,21,334),(342,27,15),(343,35,60),(344,29,395),(345,21,464),(346,100,343),(347,24,188),(348,93,335),(349,37,187),(350,58,374),(351,99,127),(352,2,475),(353,8,173),(354,76,304),(355,53,323),(356,19,140),(357,93,425),(358,67,494),(359,42,106),(360,46,430),(361,34,348),(362,79,249),(363,44,389),(364,29,479),(365,70,9),(366,68,341),(367,96,493),(368,87,218),(369,96,482),(370,37,338),(371,83,223),(372,13,160),(373,67,16),(374,98,89),(375,65,253),(376,22,149),(377,64,313),(378,62,414),(379,60,119),(380,3,199),(381,78,39),(382,2,490),(383,69,6),(384,27,16),(385,78,174),(386,22,366),(387,28,134),(388,91,143),(389,42,305),(390,21,17),(391,86,292),(393,65,95),(394,30,490),(395,74,418),(396,76,302),(397,36,457),(398,94,161),(399,7,466),(400,10,71),(401,3,189),(402,41,489),(403,38,59),(404,74,460),(405,61,149),(406,3,107),(407,74,415),(408,12,252),(409,33,167),(410,32,89),(411,31,5),(412,65,329),(413,78,155),(414,72,268),(415,38,359),(416,44,246),(417,16,284),(418,61,198),(419,3,22),(420,96,204),(421,6,320),(422,21,100),(423,33,332),(424,37,132),(425,23,252),(426,78,39),(427,23,186),(428,12,482),(429,84,165),(430,84,204),(431,52,405),(432,75,305),(433,18,198),(434,5,461),(435,22,390),(436,96,461),(437,7,57),(438,29,472),(439,46,46),(440,52,412),(441,94,353),(442,25,285),(443,36,498),(444,88,282),(445,70,216),(446,35,245),(447,12,22),(448,72,96),(449,99,373),(450,4,334),(451,64,153),(452,14,339),(453,7,112),(454,55,444),(455,45,91),(456,64,494),(457,5,266),(458,12,211),(459,90,77),(460,95,420),(461,80,479),(462,13,239),(463,66,128),(464,33,198),(465,16,467),(466,18,317),(467,74,346),(468,49,303),(469,97,395),(470,66,352),(471,100,468),(472,21,146),(473,19,444),(474,28,250),(475,80,175),(476,72,2),(477,4,407),(479,55,360),(480,87,407),(481,3,68),(482,23,419),(483,94,166),(484,90,496),(485,19,451),(486,86,342),(487,94,269),(488,16,256),(489,26,374),(490,62,393),(491,95,452),(492,33,312),(493,87,386),(494,16,499),(495,93,184),(497,77,51),(498,45,476),(499,3,459),(500,61,308);
/*!40000 ALTER TABLE `medicaments_consultation` ENABLE KEYS */;
UNLOCK TABLES;

--
-- Table structure for table `patients`
--

DROP TABLE IF EXISTS `patients`;
/*!40101 SET @saved_cs_client     = @@character_set_client */;
/*!50503 SET character_set_client = utf8mb4 */;
CREATE TABLE `patients` (
  `id` int unsigned NOT NULL AUTO_INCREMENT,
  `nom` varchar(200) NOT NULL,
  PRIMARY KEY (`id`)
) ENGINE=InnoDB AUTO_INCREMENT=101 DEFAULT CHARSET=utf8mb4 COLLATE=utf8mb4_0900_ai_ci;
/*!40101 SET character_set_client = @saved_cs_client */;

--
-- Dumping data for table `patients`
--

LOCK TABLES `patients` WRITE;
/*!40000 ALTER TABLE `patients` DISABLE KEYS */;
INSERT INTO `patients` VALUES (1,'DARI'),(2,'GUILLAUME'),(3,'OUMAR'),(4,'Hilly Snoday'),(5,'Gayelord Diamant'),(6,'Rad Fitzer'),(7,'Winni Shieldon'),(8,'Aviva Boughey'),(9,'Reinold Rigney'),(10,'Fianna Tossell'),(11,'Suzy Zanazzi'),(12,'Murray Gall'),(13,'Eamon Pope'),(14,'Peg Avey'),(15,'Carroll Creaser'),(16,'Virgie Reilly'),(17,'Victor Askin'),(18,'Ellsworth Lantiff'),(19,'Lucie Smee'),(20,'Britta Oatley'),(21,'Arlie Dews'),(22,'Theodor Handmore'),(23,'Meta Singyard'),(24,'Brad Benger'),(25,'Neysa Grahlman'),(26,'Violetta Joules'),(27,'Dulcine Cleynman'),(28,'Michal Gillespie'),(29,'Brendis Ather'),(30,'Huntington Gerriessen'),(31,'Cathrine Hiom'),(32,'Dorolice Minchenton'),(33,'Sande Kevis'),(34,'Sonia Dalwood'),(35,'Winfield Andrusyak'),(36,'Wilie Eayres'),(37,'Renelle Eliet'),(38,'Cymbre Cicetti'),(39,'Warden MacCombe'),(40,'Lanna Weins'),(41,'Jayme MacCome'),(42,'Brade Tibb'),(43,'Phyllis Gibbs'),(44,'Gale Haggis'),(45,'Adele Dinsdale'),(46,'Maxy Veasey'),(47,'Judon Springtorpe'),(48,'Aundrea Brugman'),(49,'Christina Bezzant'),(50,'Barty Battyll'),(51,'Gerri Vosse'),(52,'Meredithe Gooly'),(53,'Ignace Skeldon'),(54,'Isa Chard'),(55,'Naoma Wyley'),(56,'Elka Keeri'),(57,'Elie Slowly'),(58,'Danni Preshaw'),(59,'Salim Furniss'),(60,'Jared Essex'),(61,'Bidget Brothwell'),(62,'Spense Gringley'),(63,'Markus Tethcote'),(64,'Sukey Fedynski'),(65,'Mattie McMackin'),(66,'Ardys McKirton'),(67,'Ewan Atkirk'),(68,'Filmer Roches'),(69,'Kathlin Cottell'),(70,'Baxter Cushelly'),(71,'Yolanthe MacGuffie'),(72,'Wylma Lambswood'),(73,'Harp Liger'),(74,'Milissent Kerwood'),(75,'Roman Ledson'),(76,'Joycelin Colum'),(77,'Rachelle Pudge'),(78,'Doreen Buzine'),(79,'Margi Barrington'),(80,'Ninnette Butten'),(81,'Mandie Ancketill'),(82,'Piotr Vevers'),(83,'Celesta Dann'),(84,'Ange Birdseye'),(85,'Clementia Spedding'),(86,'Mortimer Colquite'),(87,'Wake Mantripp'),(88,'Grant Crutch'),(89,'Hamlen Molloy'),(90,'Godfree Casoni'),(91,'Ema Towersey'),(92,'Arley MacPharlain'),(93,'Christos Picford'),(94,'Humfrid MacCafferky'),(95,'Judye Cottis'),(96,'Shela Roz'),(97,'Lorettalorna Ferriby'),(98,'Juliane Gilbody'),(99,'Chiquita Lanchester'),(100,'Taite Ketchen');
/*!40000 ALTER TABLE `patients` ENABLE KEYS */;
UNLOCK TABLES;
/*!40103 SET TIME_ZONE=@OLD_TIME_ZONE */;

/*!40101 SET SQL_MODE=@OLD_SQL_MODE */;
/*!40014 SET FOREIGN_KEY_CHECKS=@OLD_FOREIGN_KEY_CHECKS */;
/*!40014 SET UNIQUE_CHECKS=@OLD_UNIQUE_CHECKS */;
/*!40101 SET CHARACTER_SET_CLIENT=@OLD_CHARACTER_SET_CLIENT */;
/*!40101 SET CHARACTER_SET_RESULTS=@OLD_CHARACTER_SET_RESULTS */;
/*!40101 SET COLLATION_CONNECTION=@OLD_COLLATION_CONNECTION */;
/*!40111 SET SQL_NOTES=@OLD_SQL_NOTES */;

-- Dump completed on 2021-12-14 16:41:01
